qind,t1,t2,t3,t4,CF12_34,CF13_24,CF14_23,ngenes
1,anoDid,aptHaa,aptOwe,aptRow,0.02,0.04,0.94,100.0
2,anoDid,aptHaa,aptOwe,casCas,0.0,0.0,1.0,100.0
3,anoDid,aptHaa,aptRow,casCas,0.0,0.0,1.0,100.0
4,anoDid,aptOwe,aptRow,casCas,0.0,0.0,1.0,100.0
5,aptHaa,aptOwe,aptRow,casCas,0.94,0.04,0.02,100.0
6,anoDid,aptHaa,aptOwe,cryCin,0.0,0.0,1.0,100.0
7,anoDid,aptHaa,aptRow,cryCin,0.0,0.0,1.0,100.0
8,anoDid,aptOwe,aptRow,cryCin,0.0,0.0,1.0,100.0
9,aptHaa,aptOwe,aptRow,cryCin,0.94,0.04,0.02,100.0
10,anoDid,aptHaa,casCas,cryCin,0.01,0.01,0.98,100.0
11,anoDid,aptOwe,casCas,cryCin,0.01,0.01,0.98,100.0
12,aptHaa,aptOwe,casCas,cryCin,1.0,0.0,0.0,100.0
13,anoDid,aptRow,casCas,cryCin,0.01,0.01,0.98,100.0
14,aptHaa,aptRow,casCas,cryCin,1.0,0.0,0.0,100.0
15,aptOwe,aptRow,casCas,cryCin,1.0,0.0,0.0,100.0
16,anoDid,aptHaa,aptOwe,droNov,0.0,0.0,1.0,100.0
17,anoDid,aptHaa,aptRow,droNov,0.0,0.0,1.0,100.0
18,anoDid,aptOwe,aptRow,droNov,0.0,0.0,1.0,100.0
19,aptHaa,aptOwe,aptRow,droNov,0.94,0.04,0.02,100.0
20,anoDid,aptHaa,casCas,droNov,1.0,0.0,0.0,100.0
21,anoDid,aptOwe,casCas,droNov,1.0,0.0,0.0,100.0
22,aptHaa,aptOwe,casCas,droNov,1.0,0.0,0.0,100.0
23,anoDid,aptRow,casCas,droNov,1.0,0.0,0.0,100.0
24,aptHaa,aptRow,casCas,droNov,1.0,0.0,0.0,100.0
25,aptOwe,aptRow,casCas,droNov,1.0,0.0,0.0,100.0
26,anoDid,aptHaa,cryCin,droNov,0.01,0.98,0.01,100.0
27,anoDid,aptOwe,cryCin,droNov,0.01,0.98,0.01,100.0
28,aptHaa,aptOwe,cryCin,droNov,1.0,0.0,0.0,100.0
29,anoDid,aptRow,cryCin,droNov,0.01,0.98,0.01,100.0
30,aptHaa,aptRow,cryCin,droNov,1.0,0.0,0.0,100.0
31,aptOwe,aptRow,cryCin,droNov,1.0,0.0,0.0,100.0
32,anoDid,casCas,cryCin,droNov,0.0,1.0,0.0,100.0
33,aptHaa,casCas,cryCin,droNov,0.0,1.0,0.0,100.0
34,aptOwe,casCas,cryCin,droNov,0.0,1.0,0.0,100.0
35,aptRow,casCas,cryCin,droNov,0.0,1.0,0.0,100.0
36,anoDid,aptHaa,aptOwe,eudEle,0.0,0.0,1.0,100.0
37,anoDid,aptHaa,aptRow,eudEle,0.0,0.0,1.0,100.0
38,anoDid,aptOwe,aptRow,eudEle,0.0,0.0,1.0,100.0
39,aptHaa,aptOwe,aptRow,eudEle,0.94,0.04,0.02,100.0
40,anoDid,aptHaa,casCas,eudEle,0.01,0.01,0.98,100.0
41,anoDid,aptOwe,casCas,eudEle,0.01,0.01,0.98,100.0
42,aptHaa,aptOwe,casCas,eudEle,1.0,0.0,0.0,100.0
43,anoDid,aptRow,casCas,eudEle,0.01,0.01,0.98,100.0
44,aptHaa,aptRow,casCas,eudEle,1.0,0.0,0.0,100.0
45,aptOwe,aptRow,casCas,eudEle,1.0,0.0,0.0,100.0
46,anoDid,aptHaa,cryCin,eudEle,0.98,0.01,0.01,100.0
47,anoDid,aptOwe,cryCin,eudEle,0.98,0.01,0.01,100.0
48,aptHaa,aptOwe,cryCin,eudEle,1.0,0.0,0.0,100.0
49,anoDid,aptRow,cryCin,eudEle,0.98,0.01,0.01,100.0
50,aptHaa,aptRow,cryCin,eudEle,1.0,0.0,0.0,100.0
51,aptOwe,aptRow,cryCin,eudEle,1.0,0.0,0.0,100.0
52,anoDid,casCas,cryCin,eudEle,0.98,0.01,0.01,100.0
53,aptHaa,casCas,cryCin,eudEle,1.0,0.0,0.0,100.0
54,aptOwe,casCas,cryCin,eudEle,1.0,0.0,0.0,100.0
55,aptRow,casCas,cryCin,eudEle,1.0,0.0,0.0,100.0
56,anoDid,aptHaa,droNov,eudEle,0.01,0.01,0.98,100.0
57,anoDid,aptOwe,droNov,eudEle,0.01,0.01,0.98,100.0
58,aptHaa,aptOwe,droNov,eudEle,1.0,0.0,0.0,100.0
59,anoDid,aptRow,droNov,eudEle,0.01,0.01,0.98,100.0
60,aptHaa,aptRow,droNov,eudEle,1.0,0.0,0.0,100.0
61,aptOwe,aptRow,droNov,eudEle,1.0,0.0,0.0,100.0
62,anoDid,casCas,droNov,eudEle,0.0,0.0,1.0,100.0
63,aptHaa,casCas,droNov,eudEle,0.0,0.0,1.0,100.0
64,aptOwe,casCas,droNov,eudEle,0.0,0.0,1.0,100.0
65,aptRow,casCas,droNov,eudEle,0.0,0.0,1.0,100.0
66,anoDid,cryCin,droNov,eudEle,0.01,0.98,0.01,100.0
67,aptHaa,cryCin,droNov,eudEle,0.0,1.0,0.0,100.0
68,aptOwe,cryCin,droNov,eudEle,0.0,1.0,0.0,100.0
69,aptRow,cryCin,droNov,eudEle,0.0,1.0,0.0,100.0
70,casCas,cryCin,droNov,eudEle,0.0,1.0,0.0,100.0
71,anoDid,aptHaa,aptOwe,galGal,0.0,0.0,1.0,100.0
72,anoDid,aptHaa,aptRow,galGal,0.0,0.0,1.0,100.0
73,anoDid,aptOwe,aptRow,galGal,0.0,0.0,1.0,100.0
74,aptHaa,aptOwe,aptRow,galGal,0.94,0.04,0.02,100.0
75,anoDid,aptHaa,casCas,galGal,0.14,0.3,0.56,100.0
76,anoDid,aptOwe,casCas,galGal,0.14,0.3,0.56,100.0
77,aptHaa,aptOwe,casCas,galGal,1.0,0.0,0.0,100.0
78,anoDid,aptRow,casCas,galGal,0.14,0.3,0.56,100.0
79,aptHaa,aptRow,casCas,galGal,1.0,0.0,0.0,100.0
80,aptOwe,aptRow,casCas,galGal,1.0,0.0,0.0,100.0
81,anoDid,aptHaa,cryCin,galGal,0.01,0.99,0.0,100.0
82,anoDid,aptOwe,cryCin,galGal,0.01,0.99,0.0,100.0
83,aptHaa,aptOwe,cryCin,galGal,1.0,0.0,0.0,100.0
84,anoDid,aptRow,cryCin,galGal,0.01,0.99,0.0,100.0
85,aptHaa,aptRow,cryCin,galGal,1.0,0.0,0.0,100.0
86,aptOwe,aptRow,cryCin,galGal,1.0,0.0,0.0,100.0
87,anoDid,casCas,cryCin,galGal,0.01,0.98,0.01,100.0
88,aptHaa,casCas,cryCin,galGal,0.56,0.13,0.31,100.0
89,aptOwe,casCas,cryCin,galGal,0.56,0.13,0.31,100.0
90,aptRow,casCas,cryCin,galGal,0.56,0.13,0.31,100.0
91,anoDid,aptHaa,droNov,galGal,0.14,0.3,0.56,100.0
92,anoDid,aptOwe,droNov,galGal,0.14,0.3,0.56,100.0
93,aptHaa,aptOwe,droNov,galGal,1.0,0.0,0.0,100.0
94,anoDid,aptRow,droNov,galGal,0.14,0.3,0.56,100.0
95,aptHaa,aptRow,droNov,galGal,1.0,0.0,0.0,100.0
96,aptOwe,aptRow,droNov,galGal,1.0,0.0,0.0,100.0
97,anoDid,casCas,droNov,galGal,0.0,0.0,1.0,100.0
98,aptHaa,casCas,droNov,galGal,0.0,0.0,1.0,100.0
99,aptOwe,casCas,droNov,galGal,0.0,0.0,1.0,100.0
100,aptRow,casCas,droNov,galGal,0.0,0.0,1.0,100.0
101,anoDid,cryCin,droNov,galGal,0.98,0.01,0.01,100.0
102,aptHaa,cryCin,droNov,galGal,0.13,0.56,0.31,100.0
103,aptOwe,cryCin,droNov,galGal,0.13,0.56,0.31,100.0
104,aptRow,cryCin,droNov,galGal,0.13,0.56,0.31,100.0
105,casCas,cryCin,droNov,galGal,0.0,1.0,0.0,100.0
106,anoDid,aptHaa,eudEle,galGal,0.01,0.99,0.0,100.0
107,anoDid,aptOwe,eudEle,galGal,0.01,0.99,0.0,100.0
108,aptHaa,aptOwe,eudEle,galGal,1.0,0.0,0.0,100.0
109,anoDid,aptRow,eudEle,galGal,0.01,0.99,0.0,100.0
110,aptHaa,aptRow,eudEle,galGal,1.0,0.0,0.0,100.0
111,aptOwe,aptRow,eudEle,galGal,1.0,0.0,0.0,100.0
112,anoDid,casCas,eudEle,galGal,0.01,0.98,0.01,100.0
113,aptHaa,casCas,eudEle,galGal,0.56,0.13,0.31,100.0
114,aptOwe,casCas,eudEle,galGal,0.56,0.13,0.31,100.0
115,aptRow,casCas,eudEle,galGal,0.56,0.13,0.31,100.0
116,anoDid,cryCin,eudEle,galGal,0.01,0.01,0.98,100.0
117,aptHaa,cryCin,eudEle,galGal,0.0,0.0,1.0,100.0
118,aptOwe,cryCin,eudEle,galGal,0.0,0.0,1.0,100.0
119,aptRow,cryCin,eudEle,galGal,0.0,0.0,1.0,100.0
120,casCas,cryCin,eudEle,galGal,0.0,0.0,1.0,100.0
121,anoDid,droNov,eudEle,galGal,0.01,0.98,0.01,100.0
122,aptHaa,droNov,eudEle,galGal,0.56,0.13,0.31,100.0
123,aptOwe,droNov,eudEle,galGal,0.56,0.13,0.31,100.0
124,aptRow,droNov,eudEle,galGal,0.56,0.13,0.31,100.0
125,casCas,droNov,eudEle,galGal,1.0,0.0,0.0,100.0
126,cryCin,droNov,eudEle,galGal,0.0,1.0,0.0,100.0
127,anoDid,aptHaa,aptOwe,notPer,0.0,0.0,1.0,100.0
128,anoDid,aptHaa,aptRow,notPer,0.0,0.0,1.0,100.0
129,anoDid,aptOwe,aptRow,notPer,0.0,0.0,1.0,100.0
130,aptHaa,aptOwe,aptRow,notPer,0.94,0.04,0.02,100.0
131,anoDid,aptHaa,casCas,notPer,0.01,0.01,0.98,100.0
132,anoDid,aptOwe,casCas,notPer,0.01,0.01,0.98,100.0
133,aptHaa,aptOwe,casCas,notPer,1.0,0.0,0.0,100.0
134,anoDid,aptRow,casCas,notPer,0.01,0.01,0.98,100.0
135,aptHaa,aptRow,casCas,notPer,1.0,0.0,0.0,100.0
136,aptOwe,aptRow,casCas,notPer,1.0,0.0,0.0,100.0
137,anoDid,aptHaa,cryCin,notPer,0.97,0.01,0.02,100.0
138,anoDid,aptOwe,cryCin,notPer,0.97,0.01,0.02,100.0
139,aptHaa,aptOwe,cryCin,notPer,1.0,0.0,0.0,100.0
140,anoDid,aptRow,cryCin,notPer,0.97,0.01,0.02,100.0
141,aptHaa,aptRow,cryCin,notPer,1.0,0.0,0.0,100.0
142,aptOwe,aptRow,cryCin,notPer,1.0,0.0,0.0,100.0
143,anoDid,casCas,cryCin,notPer,0.97,0.01,0.02,100.0
144,aptHaa,casCas,cryCin,notPer,1.0,0.0,0.0,100.0
145,aptOwe,casCas,cryCin,notPer,1.0,0.0,0.0,100.0
146,aptRow,casCas,cryCin,notPer,1.0,0.0,0.0,100.0
147,anoDid,aptHaa,droNov,notPer,0.01,0.01,0.98,100.0
148,anoDid,aptOwe,droNov,notPer,0.01,0.01,0.98,100.0
149,aptHaa,aptOwe,droNov,notPer,1.0,0.0,0.0,100.0
150,anoDid,aptRow,droNov,notPer,0.01,0.01,0.98,100.0
151,aptHaa,aptRow,droNov,notPer,1.0,0.0,0.0,100.0
152,aptOwe,aptRow,droNov,notPer,1.0,0.0,0.0,100.0
153,anoDid,casCas,droNov,notPer,0.0,0.0,1.0,100.0
154,aptHaa,casCas,droNov,notPer,0.0,0.0,1.0,100.0
155,aptOwe,casCas,droNov,notPer,0.0,0.0,1.0,100.0
156,aptRow,casCas,droNov,notPer,0.0,0.0,1.0,100.0
157,anoDid,cryCin,droNov,notPer,0.01,0.97,0.02,100.0
158,aptHaa,cryCin,droNov,notPer,0.0,1.0,0.0,100.0
159,aptOwe,cryCin,droNov,notPer,0.0,1.0,0.0,100.0
160,aptRow,cryCin,droNov,notPer,0.0,1.0,0.0,100.0
161,casCas,cryCin,droNov,notPer,0.0,1.0,0.0,100.0
162,anoDid,aptHaa,eudEle,notPer,0.99,0.0,0.01,100.0
163,anoDid,aptOwe,eudEle,notPer,0.99,0.0,0.01,100.0
164,aptHaa,aptOwe,eudEle,notPer,1.0,0.0,0.0,100.0
165,anoDid,aptRow,eudEle,notPer,0.99,0.0,0.01,100.0
166,aptHaa,aptRow,eudEle,notPer,1.0,0.0,0.0,100.0
167,aptOwe,aptRow,eudEle,notPer,1.0,0.0,0.0,100.0
168,anoDid,casCas,eudEle,notPer,0.99,0.0,0.01,100.0
169,aptHaa,casCas,eudEle,notPer,1.0,0.0,0.0,100.0
170,aptOwe,casCas,eudEle,notPer,1.0,0.0,0.0,100.0
171,aptRow,casCas,eudEle,notPer,1.0,0.0,0.0,100.0
172,anoDid,cryCin,eudEle,notPer,0.59,0.15,0.26,100.0
173,aptHaa,cryCin,eudEle,notPer,0.59,0.15,0.26,100.0
174,aptOwe,cryCin,eudEle,notPer,0.59,0.15,0.26,100.0
175,aptRow,cryCin,eudEle,notPer,0.59,0.15,0.26,100.0
176,casCas,cryCin,eudEle,notPer,0.59,0.15,0.26,100.0
177,anoDid,droNov,eudEle,notPer,0.99,0.0,0.01,100.0
178,aptHaa,droNov,eudEle,notPer,1.0,0.0,0.0,100.0
179,aptOwe,droNov,eudEle,notPer,1.0,0.0,0.0,100.0
180,aptRow,droNov,eudEle,notPer,1.0,0.0,0.0,100.0
181,casCas,droNov,eudEle,notPer,1.0,0.0,0.0,100.0
182,cryCin,droNov,eudEle,notPer,0.59,0.26,0.15,100.0
183,anoDid,aptHaa,galGal,notPer,0.01,0.0,0.99,100.0
184,anoDid,aptOwe,galGal,notPer,0.01,0.0,0.99,100.0
185,aptHaa,aptOwe,galGal,notPer,1.0,0.0,0.0,100.0
186,anoDid,aptRow,galGal,notPer,0.01,0.0,0.99,100.0
187,aptHaa,aptRow,galGal,notPer,1.0,0.0,0.0,100.0
188,aptOwe,aptRow,galGal,notPer,1.0,0.0,0.0,100.0
189,anoDid,casCas,galGal,notPer,0.01,0.01,0.98,100.0
190,aptHaa,casCas,galGal,notPer,0.56,0.31,0.13,100.0
191,aptOwe,casCas,galGal,notPer,0.56,0.31,0.13,100.0
192,aptRow,casCas,galGal,notPer,0.56,0.31,0.13,100.0
193,anoDid,cryCin,galGal,notPer,0.01,0.97,0.02,100.0
194,aptHaa,cryCin,galGal,notPer,0.0,1.0,0.0,100.0
195,aptOwe,cryCin,galGal,notPer,0.0,1.0,0.0,100.0
196,aptRow,cryCin,galGal,notPer,0.0,1.0,0.0,100.0
197,casCas,cryCin,galGal,notPer,0.0,1.0,0.0,100.0
198,anoDid,droNov,galGal,notPer,0.01,0.01,0.98,100.0
199,aptHaa,droNov,galGal,notPer,0.56,0.31,0.13,100.0
200,aptOwe,droNov,galGal,notPer,0.56,0.31,0.13,100.0
201,aptRow,droNov,galGal,notPer,0.56,0.31,0.13,100.0
202,casCas,droNov,galGal,notPer,1.0,0.0,0.0,100.0
203,cryCin,droNov,galGal,notPer,0.0,0.0,1.0,100.0
204,anoDid,eudEle,galGal,notPer,0.0,0.99,0.01,100.0
205,aptHaa,eudEle,galGal,notPer,0.0,1.0,0.0,100.0
206,aptOwe,eudEle,galGal,notPer,0.0,1.0,0.0,100.0
207,aptRow,eudEle,galGal,notPer,0.0,1.0,0.0,100.0
208,casCas,eudEle,galGal,notPer,0.0,1.0,0.0,100.0
209,cryCin,eudEle,galGal,notPer,0.26,0.59,0.15,100.0
210,droNov,eudEle,galGal,notPer,0.0,1.0,0.0,100.0
211,anoDid,aptHaa,aptOwe,rheAme,0.0,0.0,1.0,100.0
212,anoDid,aptHaa,aptRow,rheAme,0.0,0.0,1.0,100.0
213,anoDid,aptOwe,aptRow,rheAme,0.0,0.0,1.0,100.0
214,aptHaa,aptOwe,aptRow,rheAme,0.94,0.04,0.02,100.0
215,anoDid,aptHaa,casCas,rheAme,0.21,0.22,0.57,100.0
216,anoDid,aptOwe,casCas,rheAme,0.21,0.22,0.57,100.0
217,aptHaa,aptOwe,casCas,rheAme,1.0,0.0,0.0,100.0
218,anoDid,aptRow,casCas,rheAme,0.21,0.22,0.57,100.0
219,aptHaa,aptRow,casCas,rheAme,1.0,0.0,0.0,100.0
220,aptOwe,aptRow,casCas,rheAme,1.0,0.0,0.0,100.0
221,anoDid,aptHaa,cryCin,rheAme,0.01,0.98,0.01,100.0
222,anoDid,aptOwe,cryCin,rheAme,0.01,0.98,0.01,100.0
223,aptHaa,aptOwe,cryCin,rheAme,1.0,0.0,0.0,100.0
224,anoDid,aptRow,cryCin,rheAme,0.01,0.98,0.01,100.0
225,aptHaa,aptRow,cryCin,rheAme,1.0,0.0,0.0,100.0
226,aptOwe,aptRow,cryCin,rheAme,1.0,0.0,0.0,100.0
227,anoDid,casCas,cryCin,rheAme,0.01,0.98,0.01,100.0
228,aptHaa,casCas,cryCin,rheAme,0.57,0.21,0.22,100.0
229,aptOwe,casCas,cryCin,rheAme,0.57,0.21,0.22,100.0
230,aptRow,casCas,cryCin,rheAme,0.57,0.21,0.22,100.0
231,anoDid,aptHaa,droNov,rheAme,0.21,0.22,0.57,100.0
232,anoDid,aptOwe,droNov,rheAme,0.21,0.22,0.57,100.0
233,aptHaa,aptOwe,droNov,rheAme,1.0,0.0,0.0,100.0
234,anoDid,aptRow,droNov,rheAme,0.21,0.22,0.57,100.0
235,aptHaa,aptRow,droNov,rheAme,1.0,0.0,0.0,100.0
236,aptOwe,aptRow,droNov,rheAme,1.0,0.0,0.0,100.0
237,anoDid,casCas,droNov,rheAme,0.0,0.0,1.0,100.0
238,aptHaa,casCas,droNov,rheAme,0.0,0.0,1.0,100.0
239,aptOwe,casCas,droNov,rheAme,0.0,0.0,1.0,100.0
240,aptRow,casCas,droNov,rheAme,0.0,0.0,1.0,100.0
241,anoDid,cryCin,droNov,rheAme,0.98,0.01,0.01,100.0
242,aptHaa,cryCin,droNov,rheAme,0.21,0.57,0.22,100.0
243,aptOwe,cryCin,droNov,rheAme,0.21,0.57,0.22,100.0
244,aptRow,cryCin,droNov,rheAme,0.21,0.57,0.22,100.0
245,casCas,cryCin,droNov,rheAme,0.0,1.0,0.0,100.0
246,anoDid,aptHaa,eudEle,rheAme,0.01,0.98,0.01,100.0
247,anoDid,aptOwe,eudEle,rheAme,0.01,0.98,0.01,100.0
248,aptHaa,aptOwe,eudEle,rheAme,1.0,0.0,0.0,100.0
249,anoDid,aptRow,eudEle,rheAme,0.01,0.98,0.01,100.0
250,aptHaa,aptRow,eudEle,rheAme,1.0,0.0,0.0,100.0
251,aptOwe,aptRow,eudEle,rheAme,1.0,0.0,0.0,100.0
252,anoDid,casCas,eudEle,rheAme,0.01,0.98,0.01,100.0
253,aptHaa,casCas,eudEle,rheAme,0.57,0.21,0.22,100.0
254,aptOwe,casCas,eudEle,rheAme,0.57,0.21,0.22,100.0
255,aptRow,casCas,eudEle,rheAme,0.57,0.21,0.22,100.0
256,anoDid,cryCin,eudEle,rheAme,0.01,0.01,0.98,100.0
257,aptHaa,cryCin,eudEle,rheAme,0.0,0.0,1.0,100.0
258,aptOwe,cryCin,eudEle,rheAme,0.0,0.0,1.0,100.0
259,aptRow,cryCin,eudEle,rheAme,0.0,0.0,1.0,100.0
260,casCas,cryCin,eudEle,rheAme,0.0,0.0,1.0,100.0
261,anoDid,droNov,eudEle,rheAme,0.01,0.98,0.01,100.0
262,aptHaa,droNov,eudEle,rheAme,0.57,0.21,0.22,100.0
263,aptOwe,droNov,eudEle,rheAme,0.57,0.21,0.22,100.0
264,aptRow,droNov,eudEle,rheAme,0.57,0.21,0.22,100.0
265,casCas,droNov,eudEle,rheAme,1.0,0.0,0.0,100.0
266,cryCin,droNov,eudEle,rheAme,0.0,1.0,0.0,100.0
267,anoDid,aptHaa,galGal,rheAme,0.28,0.37,0.35,100.0
268,anoDid,aptOwe,galGal,rheAme,0.28,0.37,0.35,100.0
269,aptHaa,aptOwe,galGal,rheAme,1.0,0.0,0.0,100.0
270,anoDid,aptRow,galGal,rheAme,0.28,0.37,0.35,100.0
271,aptHaa,aptRow,galGal,rheAme,1.0,0.0,0.0,100.0
272,aptOwe,aptRow,galGal,rheAme,1.0,0.0,0.0,100.0
273,anoDid,casCas,galGal,rheAme,0.36,0.36,0.28,100.0
274,aptHaa,casCas,galGal,rheAme,0.58,0.21,0.21,100.0
275,aptOwe,casCas,galGal,rheAme,0.58,0.21,0.21,100.0
276,aptRow,casCas,galGal,rheAme,0.58,0.21,0.21,100.0
277,anoDid,cryCin,galGal,rheAme,0.98,0.0,0.02,100.0
278,aptHaa,cryCin,galGal,rheAme,0.27,0.35,0.38,100.0
279,aptOwe,cryCin,galGal,rheAme,0.27,0.35,0.38,100.0
280,aptRow,cryCin,galGal,rheAme,0.27,0.35,0.38,100.0
281,casCas,cryCin,galGal,rheAme,0.36,0.27,0.37,100.0
282,anoDid,droNov,galGal,rheAme,0.36,0.36,0.28,100.0
283,aptHaa,droNov,galGal,rheAme,0.58,0.21,0.21,100.0
284,aptOwe,droNov,galGal,rheAme,0.58,0.21,0.21,100.0
285,aptRow,droNov,galGal,rheAme,0.58,0.21,0.21,100.0
286,casCas,droNov,galGal,rheAme,1.0,0.0,0.0,100.0
287,cryCin,droNov,galGal,rheAme,0.36,0.37,0.27,100.0
288,anoDid,eudEle,galGal,rheAme,0.98,0.0,0.02,100.0
289,aptHaa,eudEle,galGal,rheAme,0.27,0.35,0.38,100.0
290,aptOwe,eudEle,galGal,rheAme,0.27,0.35,0.38,100.0
291,aptRow,eudEle,galGal,rheAme,0.27,0.35,0.38,100.0
292,casCas,eudEle,galGal,rheAme,0.36,0.27,0.37,100.0
293,cryCin,eudEle,galGal,rheAme,1.0,0.0,0.0,100.0
294,droNov,eudEle,galGal,rheAme,0.36,0.27,0.37,100.0
295,anoDid,aptHaa,notPer,rheAme,0.01,0.98,0.01,100.0
296,anoDid,aptOwe,notPer,rheAme,0.01,0.98,0.01,100.0
297,aptHaa,aptOwe,notPer,rheAme,1.0,0.0,0.0,100.0
298,anoDid,aptRow,notPer,rheAme,0.01,0.98,0.01,100.0
299,aptHaa,aptRow,notPer,rheAme,1.0,0.0,0.0,100.0
300,aptOwe,aptRow,notPer,rheAme,1.0,0.0,0.0,100.0
301,anoDid,casCas,notPer,rheAme,0.01,0.98,0.01,100.0
302,aptHaa,casCas,notPer,rheAme,0.57,0.21,0.22,100.0
303,aptOwe,casCas,notPer,rheAme,0.57,0.21,0.22,100.0
304,aptRow,casCas,notPer,rheAme,0.57,0.21,0.22,100.0
305,anoDid,cryCin,notPer,rheAme,0.01,0.02,0.97,100.0
306,aptHaa,cryCin,notPer,rheAme,0.0,0.0,1.0,100.0
307,aptOwe,cryCin,notPer,rheAme,0.0,0.0,1.0,100.0
308,aptRow,cryCin,notPer,rheAme,0.0,0.0,1.0,100.0
309,casCas,cryCin,notPer,rheAme,0.0,0.0,1.0,100.0
310,anoDid,droNov,notPer,rheAme,0.01,0.98,0.01,100.0
311,aptHaa,droNov,notPer,rheAme,0.57,0.21,0.22,100.0
312,aptOwe,droNov,notPer,rheAme,0.57,0.21,0.22,100.0
313,aptRow,droNov,notPer,rheAme,0.57,0.21,0.22,100.0
314,casCas,droNov,notPer,rheAme,1.0,0.0,0.0,100.0
315,cryCin,droNov,notPer,rheAme,0.0,1.0,0.0,100.0
316,anoDid,eudEle,notPer,rheAme,0.0,0.01,0.99,100.0
317,aptHaa,eudEle,notPer,rheAme,0.0,0.0,1.0,100.0
318,aptOwe,eudEle,notPer,rheAme,0.0,0.0,1.0,100.0
319,aptRow,eudEle,notPer,rheAme,0.0,0.0,1.0,100.0
320,casCas,eudEle,notPer,rheAme,0.0,0.0,1.0,100.0
321,cryCin,eudEle,notPer,rheAme,0.26,0.15,0.59,100.0
322,droNov,eudEle,notPer,rheAme,0.0,0.0,1.0,100.0
323,anoDid,galGal,notPer,rheAme,0.0,0.98,0.02,100.0
324,aptHaa,galGal,notPer,rheAme,0.35,0.27,0.38,100.0
325,aptOwe,galGal,notPer,rheAme,0.35,0.27,0.38,100.0
326,aptRow,galGal,notPer,rheAme,0.35,0.27,0.38,100.0
327,casCas,galGal,notPer,rheAme,0.27,0.36,0.37,100.0
328,cryCin,galGal,notPer,rheAme,0.0,1.0,0.0,100.0
329,droNov,galGal,notPer,rheAme,0.27,0.36,0.37,100.0
330,eudEle,galGal,notPer,rheAme,0.0,1.0,0.0,100.0
331,anoDid,aptHaa,aptOwe,rhePen,0.0,0.0,1.0,100.0
332,anoDid,aptHaa,aptRow,rhePen,0.0,0.0,1.0,100.0
333,anoDid,aptOwe,aptRow,rhePen,0.0,0.0,1.0,100.0
334,aptHaa,aptOwe,aptRow,rhePen,0.94,0.04,0.02,100.0
335,anoDid,aptHaa,casCas,rhePen,0.21,0.22,0.57,100.0
336,anoDid,aptOwe,casCas,rhePen,0.21,0.22,0.57,100.0
337,aptHaa,aptOwe,casCas,rhePen,1.0,0.0,0.0,100.0
338,anoDid,aptRow,casCas,rhePen,0.21,0.22,0.57,100.0
339,aptHaa,aptRow,casCas,rhePen,1.0,0.0,0.0,100.0
340,aptOwe,aptRow,casCas,rhePen,1.0,0.0,0.0,100.0
341,anoDid,aptHaa,cryCin,rhePen,0.01,0.98,0.01,100.0
342,anoDid,aptOwe,cryCin,rhePen,0.01,0.98,0.01,100.0
343,aptHaa,aptOwe,cryCin,rhePen,1.0,0.0,0.0,100.0
344,anoDid,aptRow,cryCin,rhePen,0.01,0.98,0.01,100.0
345,aptHaa,aptRow,cryCin,rhePen,1.0,0.0,0.0,100.0
346,aptOwe,aptRow,cryCin,rhePen,1.0,0.0,0.0,100.0
347,anoDid,casCas,cryCin,rhePen,0.01,0.98,0.01,100.0
348,aptHaa,casCas,cryCin,rhePen,0.57,0.21,0.22,100.0
349,aptOwe,casCas,cryCin,rhePen,0.57,0.21,0.22,100.0
350,aptRow,casCas,cryCin,rhePen,0.57,0.21,0.22,100.0
351,anoDid,aptHaa,droNov,rhePen,0.21,0.22,0.57,100.0
352,anoDid,aptOwe,droNov,rhePen,0.21,0.22,0.57,100.0
353,aptHaa,aptOwe,droNov,rhePen,1.0,0.0,0.0,100.0
354,anoDid,aptRow,droNov,rhePen,0.21,0.22,0.57,100.0
355,aptHaa,aptRow,droNov,rhePen,1.0,0.0,0.0,100.0
356,aptOwe,aptRow,droNov,rhePen,1.0,0.0,0.0,100.0
357,anoDid,casCas,droNov,rhePen,0.0,0.0,1.0,100.0
358,aptHaa,casCas,droNov,rhePen,0.0,0.0,1.0,100.0
359,aptOwe,casCas,droNov,rhePen,0.0,0.0,1.0,100.0
360,aptRow,casCas,droNov,rhePen,0.0,0.0,1.0,100.0
361,anoDid,cryCin,droNov,rhePen,0.98,0.01,0.01,100.0
362,aptHaa,cryCin,droNov,rhePen,0.21,0.57,0.22,100.0
363,aptOwe,cryCin,droNov,rhePen,0.21,0.57,0.22,100.0
364,aptRow,cryCin,droNov,rhePen,0.21,0.57,0.22,100.0
365,casCas,cryCin,droNov,rhePen,0.0,1.0,0.0,100.0
366,anoDid,aptHaa,eudEle,rhePen,0.01,0.98,0.01,100.0
367,anoDid,aptOwe,eudEle,rhePen,0.01,0.98,0.01,100.0
368,aptHaa,aptOwe,eudEle,rhePen,1.0,0.0,0.0,100.0
369,anoDid,aptRow,eudEle,rhePen,0.01,0.98,0.01,100.0
370,aptHaa,aptRow,eudEle,rhePen,1.0,0.0,0.0,100.0
371,aptOwe,aptRow,eudEle,rhePen,1.0,0.0,0.0,100.0
372,anoDid,casCas,eudEle,rhePen,0.01,0.98,0.01,100.0
373,aptHaa,casCas,eudEle,rhePen,0.57,0.21,0.22,100.0
374,aptOwe,casCas,eudEle,rhePen,0.57,0.21,0.22,100.0
375,aptRow,casCas,eudEle,rhePen,0.57,0.21,0.22,100.0
376,anoDid,cryCin,eudEle,rhePen,0.01,0.01,0.98,100.0
377,aptHaa,cryCin,eudEle,rhePen,0.0,0.0,1.0,100.0
378,aptOwe,cryCin,eudEle,rhePen,0.0,0.0,1.0,100.0
379,aptRow,cryCin,eudEle,rhePen,0.0,0.0,1.0,100.0
380,casCas,cryCin,eudEle,rhePen,0.0,0.0,1.0,100.0
381,anoDid,droNov,eudEle,rhePen,0.01,0.98,0.01,100.0
382,aptHaa,droNov,eudEle,rhePen,0.57,0.21,0.22,100.0
383,aptOwe,droNov,eudEle,rhePen,0.57,0.21,0.22,100.0
384,aptRow,droNov,eudEle,rhePen,0.57,0.21,0.22,100.0
385,casCas,droNov,eudEle,rhePen,1.0,0.0,0.0,100.0
386,cryCin,droNov,eudEle,rhePen,0.0,1.0,0.0,100.0
387,anoDid,aptHaa,galGal,rhePen,0.28,0.37,0.35,100.0
388,anoDid,aptOwe,galGal,rhePen,0.28,0.37,0.35,100.0
389,aptHaa,aptOwe,galGal,rhePen,1.0,0.0,0.0,100.0
390,anoDid,aptRow,galGal,rhePen,0.28,0.37,0.35,100.0
391,aptHaa,aptRow,galGal,rhePen,1.0,0.0,0.0,100.0
392,aptOwe,aptRow,galGal,rhePen,1.0,0.0,0.0,100.0
393,anoDid,casCas,galGal,rhePen,0.36,0.36,0.28,100.0
394,aptHaa,casCas,galGal,rhePen,0.58,0.21,0.21,100.0
395,aptOwe,casCas,galGal,rhePen,0.58,0.21,0.21,100.0
396,aptRow,casCas,galGal,rhePen,0.58,0.21,0.21,100.0
397,anoDid,cryCin,galGal,rhePen,0.98,0.0,0.02,100.0
398,aptHaa,cryCin,galGal,rhePen,0.27,0.35,0.38,100.0
399,aptOwe,cryCin,galGal,rhePen,0.27,0.35,0.38,100.0
400,aptRow,cryCin,galGal,rhePen,0.27,0.35,0.38,100.0
401,casCas,cryCin,galGal,rhePen,0.36,0.27,0.37,100.0
402,anoDid,droNov,galGal,rhePen,0.36,0.36,0.28,100.0
403,aptHaa,droNov,galGal,rhePen,0.58,0.21,0.21,100.0
404,aptOwe,droNov,galGal,rhePen,0.58,0.21,0.21,100.0
405,aptRow,droNov,galGal,rhePen,0.58,0.21,0.21,100.0
406,casCas,droNov,galGal,rhePen,1.0,0.0,0.0,100.0
407,cryCin,droNov,galGal,rhePen,0.36,0.37,0.27,100.0
408,anoDid,eudEle,galGal,rhePen,0.98,0.0,0.02,100.0
409,aptHaa,eudEle,galGal,rhePen,0.27,0.35,0.38,100.0
410,aptOwe,eudEle,galGal,rhePen,0.27,0.35,0.38,100.0
411,aptRow,eudEle,galGal,rhePen,0.27,0.35,0.38,100.0
412,casCas,eudEle,galGal,rhePen,0.36,0.27,0.37,100.0
413,cryCin,eudEle,galGal,rhePen,1.0,0.0,0.0,100.0
414,droNov,eudEle,galGal,rhePen,0.36,0.27,0.37,100.0
415,anoDid,aptHaa,notPer,rhePen,0.01,0.98,0.01,100.0
416,anoDid,aptOwe,notPer,rhePen,0.01,0.98,0.01,100.0
417,aptHaa,aptOwe,notPer,rhePen,1.0,0.0,0.0,100.0
418,anoDid,aptRow,notPer,rhePen,0.01,0.98,0.01,100.0
419,aptHaa,aptRow,notPer,rhePen,1.0,0.0,0.0,100.0
420,aptOwe,aptRow,notPer,rhePen,1.0,0.0,0.0,100.0
421,anoDid,casCas,notPer,rhePen,0.01,0.98,0.01,100.0
422,aptHaa,casCas,notPer,rhePen,0.57,0.21,0.22,100.0
423,aptOwe,casCas,notPer,rhePen,0.57,0.21,0.22,100.0
424,aptRow,casCas,notPer,rhePen,0.57,0.21,0.22,100.0
425,anoDid,cryCin,notPer,rhePen,0.01,0.02,0.97,100.0
426,aptHaa,cryCin,notPer,rhePen,0.0,0.0,1.0,100.0
427,aptOwe,cryCin,notPer,rhePen,0.0,0.0,1.0,100.0
428,aptRow,cryCin,notPer,rhePen,0.0,0.0,1.0,100.0
429,casCas,cryCin,notPer,rhePen,0.0,0.0,1.0,100.0
430,anoDid,droNov,notPer,rhePen,0.01,0.98,0.01,100.0
431,aptHaa,droNov,notPer,rhePen,0.57,0.21,0.22,100.0
432,aptOwe,droNov,notPer,rhePen,0.57,0.21,0.22,100.0
433,aptRow,droNov,notPer,rhePen,0.57,0.21,0.22,100.0
434,casCas,droNov,notPer,rhePen,1.0,0.0,0.0,100.0
435,cryCin,droNov,notPer,rhePen,0.0,1.0,0.0,100.0
436,anoDid,eudEle,notPer,rhePen,0.0,0.01,0.99,100.0
437,aptHaa,eudEle,notPer,rhePen,0.0,0.0,1.0,100.0
438,aptOwe,eudEle,notPer,rhePen,0.0,0.0,1.0,100.0
439,aptRow,eudEle,notPer,rhePen,0.0,0.0,1.0,100.0
440,casCas,eudEle,notPer,rhePen,0.0,0.0,1.0,100.0
441,cryCin,eudEle,notPer,rhePen,0.26,0.15,0.59,100.0
442,droNov,eudEle,notPer,rhePen,0.0,0.0,1.0,100.0
443,anoDid,galGal,notPer,rhePen,0.0,0.98,0.02,100.0
444,aptHaa,galGal,notPer,rhePen,0.35,0.27,0.38,100.0
445,aptOwe,galGal,notPer,rhePen,0.35,0.27,0.38,100.0
446,aptRow,galGal,notPer,rhePen,0.35,0.27,0.38,100.0
447,casCas,galGal,notPer,rhePen,0.27,0.36,0.37,100.0
448,cryCin,galGal,notPer,rhePen,0.0,1.0,0.0,100.0
449,droNov,galGal,notPer,rhePen,0.27,0.36,0.37,100.0
450,eudEle,galGal,notPer,rhePen,0.0,1.0,0.0,100.0
451,anoDid,aptHaa,rheAme,rhePen,1.0,0.0,0.0,100.0
452,anoDid,aptOwe,rheAme,rhePen,1.0,0.0,0.0,100.0
453,aptHaa,aptOwe,rheAme,rhePen,1.0,0.0,0.0,100.0
454,anoDid,aptRow,rheAme,rhePen,1.0,0.0,0.0,100.0
455,aptHaa,aptRow,rheAme,rhePen,1.0,0.0,0.0,100.0
456,aptOwe,aptRow,rheAme,rhePen,1.0,0.0,0.0,100.0
457,anoDid,casCas,rheAme,rhePen,1.0,0.0,0.0,100.0
458,aptHaa,casCas,rheAme,rhePen,1.0,0.0,0.0,100.0
459,aptOwe,casCas,rheAme,rhePen,1.0,0.0,0.0,100.0
460,aptRow,casCas,rheAme,rhePen,1.0,0.0,0.0,100.0
461,anoDid,cryCin,rheAme,rhePen,1.0,0.0,0.0,100.0
462,aptHaa,cryCin,rheAme,rhePen,1.0,0.0,0.0,100.0
463,aptOwe,cryCin,rheAme,rhePen,1.0,0.0,0.0,100.0
464,aptRow,cryCin,rheAme,rhePen,1.0,0.0,0.0,100.0
465,casCas,cryCin,rheAme,rhePen,1.0,0.0,0.0,100.0
466,anoDid,droNov,rheAme,rhePen,1.0,0.0,0.0,100.0
467,aptHaa,droNov,rheAme,rhePen,1.0,0.0,0.0,100.0
468,aptOwe,droNov,rheAme,rhePen,1.0,0.0,0.0,100.0
469,aptRow,droNov,rheAme,rhePen,1.0,0.0,0.0,100.0
470,casCas,droNov,rheAme,rhePen,1.0,0.0,0.0,100.0
471,cryCin,droNov,rheAme,rhePen,1.0,0.0,0.0,100.0
472,anoDid,eudEle,rheAme,rhePen,1.0,0.0,0.0,100.0
473,aptHaa,eudEle,rheAme,rhePen,1.0,0.0,0.0,100.0
474,aptOwe,eudEle,rheAme,rhePen,1.0,0.0,0.0,100.0
475,aptRow,eudEle,rheAme,rhePen,1.0,0.0,0.0,100.0
476,casCas,eudEle,rheAme,rhePen,1.0,0.0,0.0,100.0
477,cryCin,eudEle,rheAme,rhePen,1.0,0.0,0.0,100.0
478,droNov,eudEle,rheAme,rhePen,1.0,0.0,0.0,100.0
479,anoDid,galGal,rheAme,rhePen,1.0,0.0,0.0,100.0
480,aptHaa,galGal,rheAme,rhePen,1.0,0.0,0.0,100.0
481,aptOwe,galGal,rheAme,rhePen,1.0,0.0,0.0,100.0
482,aptRow,galGal,rheAme,rhePen,1.0,0.0,0.0,100.0
483,casCas,galGal,rheAme,rhePen,1.0,0.0,0.0,100.0
484,cryCin,galGal,rheAme,rhePen,1.0,0.0,0.0,100.0
485,droNov,galGal,rheAme,rhePen,1.0,0.0,0.0,100.0
486,eudEle,galGal,rheAme,rhePen,1.0,0.0,0.0,100.0
487,anoDid,notPer,rheAme,rhePen,1.0,0.0,0.0,100.0
488,aptHaa,notPer,rheAme,rhePen,1.0,0.0,0.0,100.0
489,aptOwe,notPer,rheAme,rhePen,1.0,0.0,0.0,100.0
490,aptRow,notPer,rheAme,rhePen,1.0,0.0,0.0,100.0
491,casCas,notPer,rheAme,rhePen,1.0,0.0,0.0,100.0
492,cryCin,notPer,rheAme,rhePen,1.0,0.0,0.0,100.0
493,droNov,notPer,rheAme,rhePen,1.0,0.0,0.0,100.0
494,eudEle,notPer,rheAme,rhePen,1.0,0.0,0.0,100.0
495,galGal,notPer,rheAme,rhePen,1.0,0.0,0.0,100.0
496,anoDid,aptHaa,aptOwe,strCam,0.0,0.0,1.0,100.0
497,anoDid,aptHaa,aptRow,strCam,0.0,0.0,1.0,100.0
498,anoDid,aptOwe,aptRow,strCam,0.0,0.0,1.0,100.0
499,aptHaa,aptOwe,aptRow,strCam,0.94,0.04,0.02,100.0
500,anoDid,aptHaa,casCas,strCam,0.15,0.28,0.57,100.0
501,anoDid,aptOwe,casCas,strCam,0.15,0.28,0.57,100.0
502,aptHaa,aptOwe,casCas,strCam,1.0,0.0,0.0,100.0
503,anoDid,aptRow,casCas,strCam,0.15,0.28,0.57,100.0
504,aptHaa,aptRow,casCas,strCam,1.0,0.0,0.0,100.0
505,aptOwe,aptRow,casCas,strCam,1.0,0.0,0.0,100.0
506,anoDid,aptHaa,cryCin,strCam,0.01,0.99,0.0,100.0
507,anoDid,aptOwe,cryCin,strCam,0.01,0.99,0.0,100.0
508,aptHaa,aptOwe,cryCin,strCam,1.0,0.0,0.0,100.0
509,anoDid,aptRow,cryCin,strCam,0.01,0.99,0.0,100.0
510,aptHaa,aptRow,cryCin,strCam,1.0,0.0,0.0,100.0
511,aptOwe,aptRow,cryCin,strCam,1.0,0.0,0.0,100.0
512,anoDid,casCas,cryCin,strCam,0.01,0.98,0.01,100.0
513,aptHaa,casCas,cryCin,strCam,0.57,0.14,0.29,100.0
514,aptOwe,casCas,cryCin,strCam,0.57,0.14,0.29,100.0
515,aptRow,casCas,cryCin,strCam,0.57,0.14,0.29,100.0
516,anoDid,aptHaa,droNov,strCam,0.15,0.28,0.57,100.0
517,anoDid,aptOwe,droNov,strCam,0.15,0.28,0.57,100.0
518,aptHaa,aptOwe,droNov,strCam,1.0,0.0,0.0,100.0
519,anoDid,aptRow,droNov,strCam,0.15,0.28,0.57,100.0
520,aptHaa,aptRow,droNov,strCam,1.0,0.0,0.0,100.0
521,aptOwe,aptRow,droNov,strCam,1.0,0.0,0.0,100.0
522,anoDid,casCas,droNov,strCam,0.0,0.0,1.0,100.0
523,aptHaa,casCas,droNov,strCam,0.0,0.0,1.0,100.0
524,aptOwe,casCas,droNov,strCam,0.0,0.0,1.0,100.0
525,aptRow,casCas,droNov,strCam,0.0,0.0,1.0,100.0
526,anoDid,cryCin,droNov,strCam,0.98,0.01,0.01,100.0
527,aptHaa,cryCin,droNov,strCam,0.14,0.57,0.29,100.0
528,aptOwe,cryCin,droNov,strCam,0.14,0.57,0.29,100.0
529,aptRow,cryCin,droNov,strCam,0.14,0.57,0.29,100.0
530,casCas,cryCin,droNov,strCam,0.0,1.0,0.0,100.0
531,anoDid,aptHaa,eudEle,strCam,0.01,0.99,0.0,100.0
532,anoDid,aptOwe,eudEle,strCam,0.01,0.99,0.0,100.0
533,aptHaa,aptOwe,eudEle,strCam,1.0,0.0,0.0,100.0
534,anoDid,aptRow,eudEle,strCam,0.01,0.99,0.0,100.0
535,aptHaa,aptRow,eudEle,strCam,1.0,0.0,0.0,100.0
536,aptOwe,aptRow,eudEle,strCam,1.0,0.0,0.0,100.0
537,anoDid,casCas,eudEle,strCam,0.01,0.98,0.01,100.0
538,aptHaa,casCas,eudEle,strCam,0.57,0.14,0.29,100.0
539,aptOwe,casCas,eudEle,strCam,0.57,0.14,0.29,100.0
540,aptRow,casCas,eudEle,strCam,0.57,0.14,0.29,100.0
541,anoDid,cryCin,eudEle,strCam,0.01,0.01,0.98,100.0
542,aptHaa,cryCin,eudEle,strCam,0.0,0.0,1.0,100.0
543,aptOwe,cryCin,eudEle,strCam,0.0,0.0,1.0,100.0
544,aptRow,cryCin,eudEle,strCam,0.0,0.0,1.0,100.0
545,casCas,cryCin,eudEle,strCam,0.0,0.0,1.0,100.0
546,anoDid,droNov,eudEle,strCam,0.01,0.98,0.01,100.0
547,aptHaa,droNov,eudEle,strCam,0.57,0.14,0.29,100.0
548,aptOwe,droNov,eudEle,strCam,0.57,0.14,0.29,100.0
549,aptRow,droNov,eudEle,strCam,0.57,0.14,0.29,100.0
550,casCas,droNov,eudEle,strCam,1.0,0.0,0.0,100.0
551,cryCin,droNov,eudEle,strCam,0.0,1.0,0.0,100.0
552,anoDid,aptHaa,galGal,strCam,0.58,0.23,0.19,100.0
553,anoDid,aptOwe,galGal,strCam,0.58,0.23,0.19,100.0
554,aptHaa,aptOwe,galGal,strCam,1.0,0.0,0.0,100.0
555,anoDid,aptRow,galGal,strCam,0.58,0.23,0.19,100.0
556,aptHaa,aptRow,galGal,strCam,1.0,0.0,0.0,100.0
557,aptOwe,aptRow,galGal,strCam,1.0,0.0,0.0,100.0
558,anoDid,casCas,galGal,strCam,0.67,0.21,0.12,100.0
559,aptHaa,casCas,galGal,strCam,0.77,0.14,0.09,100.0
560,aptOwe,casCas,galGal,strCam,0.77,0.14,0.09,100.0
561,aptRow,casCas,galGal,strCam,0.77,0.14,0.09,100.0
562,anoDid,cryCin,galGal,strCam,0.99,0.01,0.0,100.0
563,aptHaa,cryCin,galGal,strCam,0.57,0.2,0.23,100.0
564,aptOwe,cryCin,galGal,strCam,0.57,0.2,0.23,100.0
565,aptRow,cryCin,galGal,strCam,0.57,0.2,0.23,100.0
566,casCas,cryCin,galGal,strCam,0.68,0.12,0.2,100.0
567,anoDid,droNov,galGal,strCam,0.67,0.21,0.12,100.0
568,aptHaa,droNov,galGal,strCam,0.77,0.14,0.09,100.0
569,aptOwe,droNov,galGal,strCam,0.77,0.14,0.09,100.0
570,aptRow,droNov,galGal,strCam,0.77,0.14,0.09,100.0
571,casCas,droNov,galGal,strCam,1.0,0.0,0.0,100.0
572,cryCin,droNov,galGal,strCam,0.68,0.2,0.12,100.0
573,anoDid,eudEle,galGal,strCam,0.99,0.01,0.0,100.0
574,aptHaa,eudEle,galGal,strCam,0.57,0.2,0.23,100.0
575,aptOwe,eudEle,galGal,strCam,0.57,0.2,0.23,100.0
576,aptRow,eudEle,galGal,strCam,0.57,0.2,0.23,100.0
577,casCas,eudEle,galGal,strCam,0.68,0.12,0.2,100.0
578,cryCin,eudEle,galGal,strCam,1.0,0.0,0.0,100.0
579,droNov,eudEle,galGal,strCam,0.68,0.12,0.2,100.0
580,anoDid,aptHaa,notPer,strCam,0.01,0.99,0.0,100.0
581,anoDid,aptOwe,notPer,strCam,0.01,0.99,0.0,100.0
582,aptHaa,aptOwe,notPer,strCam,1.0,0.0,0.0,100.0
583,anoDid,aptRow,notPer,strCam,0.01,0.99,0.0,100.0
584,aptHaa,aptRow,notPer,strCam,1.0,0.0,0.0,100.0
585,aptOwe,aptRow,notPer,strCam,1.0,0.0,0.0,100.0
586,anoDid,casCas,notPer,strCam,0.01,0.98,0.01,100.0
587,aptHaa,casCas,notPer,strCam,0.57,0.14,0.29,100.0
588,aptOwe,casCas,notPer,strCam,0.57,0.14,0.29,100.0
589,aptRow,casCas,notPer,strCam,0.57,0.14,0.29,100.0
590,anoDid,cryCin,notPer,strCam,0.01,0.02,0.97,100.0
591,aptHaa,cryCin,notPer,strCam,0.0,0.0,1.0,100.0
592,aptOwe,cryCin,notPer,strCam,0.0,0.0,1.0,100.0
593,aptRow,cryCin,notPer,strCam,0.0,0.0,1.0,100.0
594,casCas,cryCin,notPer,strCam,0.0,0.0,1.0,100.0
595,anoDid,droNov,notPer,strCam,0.01,0.98,0.01,100.0
596,aptHaa,droNov,notPer,strCam,0.57,0.14,0.29,100.0
597,aptOwe,droNov,notPer,strCam,0.57,0.14,0.29,100.0
598,aptRow,droNov,notPer,strCam,0.57,0.14,0.29,100.0
599,casCas,droNov,notPer,strCam,1.0,0.0,0.0,100.0
600,cryCin,droNov,notPer,strCam,0.0,1.0,0.0,100.0
601,anoDid,eudEle,notPer,strCam,0.0,0.01,0.99,100.0
602,aptHaa,eudEle,notPer,strCam,0.0,0.0,1.0,100.0
603,aptOwe,eudEle,notPer,strCam,0.0,0.0,1.0,100.0
604,aptRow,eudEle,notPer,strCam,0.0,0.0,1.0,100.0
605,casCas,eudEle,notPer,strCam,0.0,0.0,1.0,100.0
606,cryCin,eudEle,notPer,strCam,0.26,0.15,0.59,100.0
607,droNov,eudEle,notPer,strCam,0.0,0.0,1.0,100.0
608,anoDid,galGal,notPer,strCam,0.01,0.99,0.0,100.0
609,aptHaa,galGal,notPer,strCam,0.2,0.57,0.23,100.0
610,aptOwe,galGal,notPer,strCam,0.2,0.57,0.23,100.0
611,aptRow,galGal,notPer,strCam,0.2,0.57,0.23,100.0
612,casCas,galGal,notPer,strCam,0.12,0.68,0.2,100.0
613,cryCin,galGal,notPer,strCam,0.0,1.0,0.0,100.0
614,droNov,galGal,notPer,strCam,0.12,0.68,0.2,100.0
615,eudEle,galGal,notPer,strCam,0.0,1.0,0.0,100.0
616,anoDid,aptHaa,rheAme,strCam,0.31,0.32,0.37,100.0
617,anoDid,aptOwe,rheAme,strCam,0.31,0.32,0.37,100.0
618,aptHaa,aptOwe,rheAme,strCam,1.0,0.0,0.0,100.0
619,anoDid,aptRow,rheAme,strCam,0.31,0.32,0.37,100.0
620,aptHaa,aptRow,rheAme,strCam,1.0,0.0,0.0,100.0
621,aptOwe,aptRow,rheAme,strCam,1.0,0.0,0.0,100.0
622,anoDid,casCas,rheAme,strCam,0.38,0.26,0.36,100.0
623,aptHaa,casCas,rheAme,strCam,0.59,0.21,0.2,100.0
624,aptOwe,casCas,rheAme,strCam,0.59,0.21,0.2,100.0
625,aptRow,casCas,rheAme,strCam,0.59,0.21,0.2,100.0
626,anoDid,cryCin,rheAme,strCam,0.98,0.02,0.0,100.0
627,aptHaa,cryCin,rheAme,strCam,0.3,0.38,0.32,100.0
628,aptOwe,cryCin,rheAme,strCam,0.3,0.38,0.32,100.0
629,aptRow,cryCin,rheAme,strCam,0.3,0.38,0.32,100.0
630,casCas,cryCin,rheAme,strCam,0.38,0.37,0.25,100.0
631,anoDid,droNov,rheAme,strCam,0.38,0.26,0.36,100.0
632,aptHaa,droNov,rheAme,strCam,0.59,0.21,0.2,100.0
633,aptOwe,droNov,rheAme,strCam,0.59,0.21,0.2,100.0
634,aptRow,droNov,rheAme,strCam,0.59,0.21,0.2,100.0
635,casCas,droNov,rheAme,strCam,1.0,0.0,0.0,100.0
636,cryCin,droNov,rheAme,strCam,0.38,0.25,0.37,100.0
637,anoDid,eudEle,rheAme,strCam,0.98,0.02,0.0,100.0
638,aptHaa,eudEle,rheAme,strCam,0.3,0.38,0.32,100.0
639,aptOwe,eudEle,rheAme,strCam,0.3,0.38,0.32,100.0
640,aptRow,eudEle,rheAme,strCam,0.3,0.38,0.32,100.0
641,casCas,eudEle,rheAme,strCam,0.38,0.37,0.25,100.0
642,cryCin,eudEle,rheAme,strCam,1.0,0.0,0.0,100.0
643,droNov,eudEle,rheAme,strCam,0.38,0.37,0.25,100.0
644,anoDid,galGal,rheAme,strCam,0.2,0.6,0.2,100.0
645,aptHaa,galGal,rheAme,strCam,0.19,0.64,0.17,100.0
646,aptOwe,galGal,rheAme,strCam,0.19,0.64,0.17,100.0
647,aptRow,galGal,rheAme,strCam,0.19,0.64,0.17,100.0
648,casCas,galGal,rheAme,strCam,0.15,0.65,0.2,100.0
649,cryCin,galGal,rheAme,strCam,0.2,0.59,0.21,100.0
650,droNov,galGal,rheAme,strCam,0.15,0.65,0.2,100.0
651,eudEle,galGal,rheAme,strCam,0.2,0.59,0.21,100.0
652,anoDid,notPer,rheAme,strCam,0.98,0.02,0.0,100.0
653,aptHaa,notPer,rheAme,strCam,0.3,0.38,0.32,100.0
654,aptOwe,notPer,rheAme,strCam,0.3,0.38,0.32,100.0
655,aptRow,notPer,rheAme,strCam,0.3,0.38,0.32,100.0
656,casCas,notPer,rheAme,strCam,0.38,0.37,0.25,100.0
657,cryCin,notPer,rheAme,strCam,1.0,0.0,0.0,100.0
658,droNov,notPer,rheAme,strCam,0.38,0.37,0.25,100.0
659,eudEle,notPer,rheAme,strCam,1.0,0.0,0.0,100.0
660,galGal,notPer,rheAme,strCam,0.2,0.21,0.59,100.0
661,anoDid,aptHaa,rhePen,strCam,0.31,0.32,0.37,100.0
662,anoDid,aptOwe,rhePen,strCam,0.31,0.32,0.37,100.0
663,aptHaa,aptOwe,rhePen,strCam,1.0,0.0,0.0,100.0
664,anoDid,aptRow,rhePen,strCam,0.31,0.32,0.37,100.0
665,aptHaa,aptRow,rhePen,strCam,1.0,0.0,0.0,100.0
666,aptOwe,aptRow,rhePen,strCam,1.0,0.0,0.0,100.0
667,anoDid,casCas,rhePen,strCam,0.38,0.26,0.36,100.0
668,aptHaa,casCas,rhePen,strCam,0.59,0.21,0.2,100.0
669,aptOwe,casCas,rhePen,strCam,0.59,0.21,0.2,100.0
670,aptRow,casCas,rhePen,strCam,0.59,0.21,0.2,100.0
671,anoDid,cryCin,rhePen,strCam,0.98,0.02,0.0,100.0
672,aptHaa,cryCin,rhePen,strCam,0.3,0.38,0.32,100.0
673,aptOwe,cryCin,rhePen,strCam,0.3,0.38,0.32,100.0
674,aptRow,cryCin,rhePen,strCam,0.3,0.38,0.32,100.0
675,casCas,cryCin,rhePen,strCam,0.38,0.37,0.25,100.0
676,anoDid,droNov,rhePen,strCam,0.38,0.26,0.36,100.0
677,aptHaa,droNov,rhePen,strCam,0.59,0.21,0.2,100.0
678,aptOwe,droNov,rhePen,strCam,0.59,0.21,0.2,100.0
679,aptRow,droNov,rhePen,strCam,0.59,0.21,0.2,100.0
680,casCas,droNov,rhePen,strCam,1.0,0.0,0.0,100.0
681,cryCin,droNov,rhePen,strCam,0.38,0.25,0.37,100.0
682,anoDid,eudEle,rhePen,strCam,0.98,0.02,0.0,100.0
683,aptHaa,eudEle,rhePen,strCam,0.3,0.38,0.32,100.0
684,aptOwe,eudEle,rhePen,strCam,0.3,0.38,0.32,100.0
685,aptRow,eudEle,rhePen,strCam,0.3,0.38,0.32,100.0
686,casCas,eudEle,rhePen,strCam,0.38,0.37,0.25,100.0
687,cryCin,eudEle,rhePen,strCam,1.0,0.0,0.0,100.0
688,droNov,eudEle,rhePen,strCam,0.38,0.37,0.25,100.0
689,anoDid,galGal,rhePen,strCam,0.2,0.6,0.2,100.0
690,aptHaa,galGal,rhePen,strCam,0.19,0.64,0.17,100.0
691,aptOwe,galGal,rhePen,strCam,0.19,0.64,0.17,100.0
692,aptRow,galGal,rhePen,strCam,0.19,0.64,0.17,100.0
693,casCas,galGal,rhePen,strCam,0.15,0.65,0.2,100.0
694,cryCin,galGal,rhePen,strCam,0.2,0.59,0.21,100.0
695,droNov,galGal,rhePen,strCam,0.15,0.65,0.2,100.0
696,eudEle,galGal,rhePen,strCam,0.2,0.59,0.21,100.0
697,anoDid,notPer,rhePen,strCam,0.98,0.02,0.0,100.0
698,aptHaa,notPer,rhePen,strCam,0.3,0.38,0.32,100.0
699,aptOwe,notPer,rhePen,strCam,0.3,0.38,0.32,100.0
700,aptRow,notPer,rhePen,strCam,0.3,0.38,0.32,100.0
701,casCas,notPer,rhePen,strCam,0.38,0.37,0.25,100.0
702,cryCin,notPer,rhePen,strCam,1.0,0.0,0.0,100.0
703,droNov,notPer,rhePen,strCam,0.38,0.37,0.25,100.0
704,eudEle,notPer,rhePen,strCam,1.0,0.0,0.0,100.0
705,galGal,notPer,rhePen,strCam,0.2,0.21,0.59,100.0
706,anoDid,rheAme,rhePen,strCam,0.0,0.0,1.0,100.0
707,aptHaa,rheAme,rhePen,strCam,0.0,0.0,1.0,100.0
708,aptOwe,rheAme,rhePen,strCam,0.0,0.0,1.0,100.0
709,aptRow,rheAme,rhePen,strCam,0.0,0.0,1.0,100.0
710,casCas,rheAme,rhePen,strCam,0.0,0.0,1.0,100.0
711,cryCin,rheAme,rhePen,strCam,0.0,0.0,1.0,100.0
712,droNov,rheAme,rhePen,strCam,0.0,0.0,1.0,100.0
713,eudEle,rheAme,rhePen,strCam,0.0,0.0,1.0,100.0
714,galGal,rheAme,rhePen,strCam,0.0,0.0,1.0,100.0
715,notPer,rheAme,rhePen,strCam,0.0,0.0,1.0,100.0
716,anoDid,aptHaa,aptOwe,tinGut,0.0,0.0,1.0,100.0
717,anoDid,aptHaa,aptRow,tinGut,0.0,0.0,1.0,100.0
718,anoDid,aptOwe,aptRow,tinGut,0.0,0.0,1.0,100.0
719,aptHaa,aptOwe,aptRow,tinGut,0.94,0.04,0.02,100.0
720,anoDid,aptHaa,casCas,tinGut,0.01,0.01,0.98,100.0
721,anoDid,aptOwe,casCas,tinGut,0.01,0.01,0.98,100.0
722,aptHaa,aptOwe,casCas,tinGut,1.0,0.0,0.0,100.0
723,anoDid,aptRow,casCas,tinGut,0.01,0.01,0.98,100.0
724,aptHaa,aptRow,casCas,tinGut,1.0,0.0,0.0,100.0
725,aptOwe,aptRow,casCas,tinGut,1.0,0.0,0.0,100.0
726,anoDid,aptHaa,cryCin,tinGut,0.99,0.0,0.01,100.0
727,anoDid,aptOwe,cryCin,tinGut,0.99,0.0,0.01,100.0
728,aptHaa,aptOwe,cryCin,tinGut,1.0,0.0,0.0,100.0
729,anoDid,aptRow,cryCin,tinGut,0.99,0.0,0.01,100.0
730,aptHaa,aptRow,cryCin,tinGut,1.0,0.0,0.0,100.0
731,aptOwe,aptRow,cryCin,tinGut,1.0,0.0,0.0,100.0
732,anoDid,casCas,cryCin,tinGut,0.99,0.0,0.01,100.0
733,aptHaa,casCas,cryCin,tinGut,1.0,0.0,0.0,100.0
734,aptOwe,casCas,cryCin,tinGut,1.0,0.0,0.0,100.0
735,aptRow,casCas,cryCin,tinGut,1.0,0.0,0.0,100.0
736,anoDid,aptHaa,droNov,tinGut,0.01,0.01,0.98,100.0
737,anoDid,aptOwe,droNov,tinGut,0.01,0.01,0.98,100.0
738,aptHaa,aptOwe,droNov,tinGut,1.0,0.0,0.0,100.0
739,anoDid,aptRow,droNov,tinGut,0.01,0.01,0.98,100.0
740,aptHaa,aptRow,droNov,tinGut,1.0,0.0,0.0,100.0
741,aptOwe,aptRow,droNov,tinGut,1.0,0.0,0.0,100.0
742,anoDid,casCas,droNov,tinGut,0.0,0.0,1.0,100.0
743,aptHaa,casCas,droNov,tinGut,0.0,0.0,1.0,100.0
744,aptOwe,casCas,droNov,tinGut,0.0,0.0,1.0,100.0
745,aptRow,casCas,droNov,tinGut,0.0,0.0,1.0,100.0
746,anoDid,cryCin,droNov,tinGut,0.0,0.99,0.01,100.0
747,aptHaa,cryCin,droNov,tinGut,0.0,1.0,0.0,100.0
748,aptOwe,cryCin,droNov,tinGut,0.0,1.0,0.0,100.0
749,aptRow,cryCin,droNov,tinGut,0.0,1.0,0.0,100.0
750,casCas,cryCin,droNov,tinGut,0.0,1.0,0.0,100.0
751,anoDid,aptHaa,eudEle,tinGut,0.97,0.01,0.02,100.0
752,anoDid,aptOwe,eudEle,tinGut,0.97,0.01,0.02,100.0
753,aptHaa,aptOwe,eudEle,tinGut,1.0,0.0,0.0,100.0
754,anoDid,aptRow,eudEle,tinGut,0.97,0.01,0.02,100.0
755,aptHaa,aptRow,eudEle,tinGut,1.0,0.0,0.0,100.0
756,aptOwe,aptRow,eudEle,tinGut,1.0,0.0,0.0,100.0
757,anoDid,casCas,eudEle,tinGut,0.97,0.01,0.02,100.0
758,aptHaa,casCas,eudEle,tinGut,1.0,0.0,0.0,100.0
759,aptOwe,casCas,eudEle,tinGut,1.0,0.0,0.0,100.0
760,aptRow,casCas,eudEle,tinGut,1.0,0.0,0.0,100.0
761,anoDid,cryCin,eudEle,tinGut,0.01,0.96,0.03,100.0
762,aptHaa,cryCin,eudEle,tinGut,0.01,0.96,0.03,100.0
763,aptOwe,cryCin,eudEle,tinGut,0.01,0.96,0.03,100.0
764,aptRow,cryCin,eudEle,tinGut,0.01,0.96,0.03,100.0
765,casCas,cryCin,eudEle,tinGut,0.01,0.96,0.03,100.0
766,anoDid,droNov,eudEle,tinGut,0.97,0.01,0.02,100.0
767,aptHaa,droNov,eudEle,tinGut,1.0,0.0,0.0,100.0
768,aptOwe,droNov,eudEle,tinGut,1.0,0.0,0.0,100.0
769,aptRow,droNov,eudEle,tinGut,1.0,0.0,0.0,100.0
770,casCas,droNov,eudEle,tinGut,1.0,0.0,0.0,100.0
771,cryCin,droNov,eudEle,tinGut,0.01,0.03,0.96,100.0
772,anoDid,aptHaa,galGal,tinGut,0.01,0.0,0.99,100.0
773,anoDid,aptOwe,galGal,tinGut,0.01,0.0,0.99,100.0
774,aptHaa,aptOwe,galGal,tinGut,1.0,0.0,0.0,100.0
775,anoDid,aptRow,galGal,tinGut,0.01,0.0,0.99,100.0
776,aptHaa,aptRow,galGal,tinGut,1.0,0.0,0.0,100.0
777,aptOwe,aptRow,galGal,tinGut,1.0,0.0,0.0,100.0
778,anoDid,casCas,galGal,tinGut,0.01,0.01,0.98,100.0
779,aptHaa,casCas,galGal,tinGut,0.56,0.31,0.13,100.0
780,aptOwe,casCas,galGal,tinGut,0.56,0.31,0.13,100.0
781,aptRow,casCas,galGal,tinGut,0.56,0.31,0.13,100.0
782,anoDid,cryCin,galGal,tinGut,0.0,0.99,0.01,100.0
783,aptHaa,cryCin,galGal,tinGut,0.0,1.0,0.0,100.0
784,aptOwe,cryCin,galGal,tinGut,0.0,1.0,0.0,100.0
785,aptRow,cryCin,galGal,tinGut,0.0,1.0,0.0,100.0
786,casCas,cryCin,galGal,tinGut,0.0,1.0,0.0,100.0
787,anoDid,droNov,galGal,tinGut,0.01,0.01,0.98,100.0
788,aptHaa,droNov,galGal,tinGut,0.56,0.31,0.13,100.0
789,aptOwe,droNov,galGal,tinGut,0.56,0.31,0.13,100.0
790,aptRow,droNov,galGal,tinGut,0.56,0.31,0.13,100.0
791,casCas,droNov,galGal,tinGut,1.0,0.0,0.0,100.0
792,cryCin,droNov,galGal,tinGut,0.0,0.0,1.0,100.0
793,anoDid,eudEle,galGal,tinGut,0.01,0.97,0.02,100.0
794,aptHaa,eudEle,galGal,tinGut,0.0,1.0,0.0,100.0
795,aptOwe,eudEle,galGal,tinGut,0.0,1.0,0.0,100.0
796,aptRow,eudEle,galGal,tinGut,0.0,1.0,0.0,100.0
797,casCas,eudEle,galGal,tinGut,0.0,1.0,0.0,100.0
798,cryCin,eudEle,galGal,tinGut,0.03,0.01,0.96,100.0
799,droNov,eudEle,galGal,tinGut,0.0,1.0,0.0,100.0
800,anoDid,aptHaa,notPer,tinGut,0.96,0.02,0.02,100.0
801,anoDid,aptOwe,notPer,tinGut,0.96,0.02,0.02,100.0
802,aptHaa,aptOwe,notPer,tinGut,1.0,0.0,0.0,100.0
803,anoDid,aptRow,notPer,tinGut,0.96,0.02,0.02,100.0
804,aptHaa,aptRow,notPer,tinGut,1.0,0.0,0.0,100.0
805,aptOwe,aptRow,notPer,tinGut,1.0,0.0,0.0,100.0
806,anoDid,casCas,notPer,tinGut,0.96,0.02,0.02,100.0
807,aptHaa,casCas,notPer,tinGut,1.0,0.0,0.0,100.0
808,aptOwe,casCas,notPer,tinGut,1.0,0.0,0.0,100.0
809,aptRow,casCas,notPer,tinGut,1.0,0.0,0.0,100.0
810,anoDid,cryCin,notPer,tinGut,0.01,0.95,0.04,100.0
811,aptHaa,cryCin,notPer,tinGut,0.01,0.95,0.04,100.0
812,aptOwe,cryCin,notPer,tinGut,0.01,0.95,0.04,100.0
813,aptRow,cryCin,notPer,tinGut,0.01,0.95,0.04,100.0
814,casCas,cryCin,notPer,tinGut,0.01,0.95,0.04,100.0
815,anoDid,droNov,notPer,tinGut,0.96,0.02,0.02,100.0
816,aptHaa,droNov,notPer,tinGut,1.0,0.0,0.0,100.0
817,aptOwe,droNov,notPer,tinGut,1.0,0.0,0.0,100.0
818,aptRow,droNov,notPer,tinGut,1.0,0.0,0.0,100.0
819,casCas,droNov,notPer,tinGut,1.0,0.0,0.0,100.0
820,cryCin,droNov,notPer,tinGut,0.01,0.04,0.95,100.0
821,anoDid,eudEle,notPer,tinGut,0.15,0.25,0.6,100.0
822,aptHaa,eudEle,notPer,tinGut,0.15,0.25,0.6,100.0
823,aptOwe,eudEle,notPer,tinGut,0.15,0.25,0.6,100.0
824,aptRow,eudEle,notPer,tinGut,0.15,0.25,0.6,100.0
825,casCas,eudEle,notPer,tinGut,0.15,0.25,0.6,100.0
826,cryCin,eudEle,notPer,tinGut,0.01,0.01,0.98,100.0
827,droNov,eudEle,notPer,tinGut,0.15,0.25,0.6,100.0
828,anoDid,galGal,notPer,tinGut,0.96,0.02,0.02,100.0
829,aptHaa,galGal,notPer,tinGut,1.0,0.0,0.0,100.0
830,aptOwe,galGal,notPer,tinGut,1.0,0.0,0.0,100.0
831,aptRow,galGal,notPer,tinGut,1.0,0.0,0.0,100.0
832,casCas,galGal,notPer,tinGut,1.0,0.0,0.0,100.0
833,cryCin,galGal,notPer,tinGut,0.01,0.04,0.95,100.0
834,droNov,galGal,notPer,tinGut,1.0,0.0,0.0,100.0
835,eudEle,galGal,notPer,tinGut,0.15,0.6,0.25,100.0
836,anoDid,aptHaa,rheAme,tinGut,0.01,0.01,0.98,100.0
837,anoDid,aptOwe,rheAme,tinGut,0.01,0.01,0.98,100.0
838,aptHaa,aptOwe,rheAme,tinGut,1.0,0.0,0.0,100.0
839,anoDid,aptRow,rheAme,tinGut,0.01,0.01,0.98,100.0
840,aptHaa,aptRow,rheAme,tinGut,1.0,0.0,0.0,100.0
841,aptOwe,aptRow,rheAme,tinGut,1.0,0.0,0.0,100.0
842,anoDid,casCas,rheAme,tinGut,0.01,0.01,0.98,100.0
843,aptHaa,casCas,rheAme,tinGut,0.57,0.22,0.21,100.0
844,aptOwe,casCas,rheAme,tinGut,0.57,0.22,0.21,100.0
845,aptRow,casCas,rheAme,tinGut,0.57,0.22,0.21,100.0
846,anoDid,cryCin,rheAme,tinGut,0.0,0.99,0.01,100.0
847,aptHaa,cryCin,rheAme,tinGut,0.0,1.0,0.0,100.0
848,aptOwe,cryCin,rheAme,tinGut,0.0,1.0,0.0,100.0
849,aptRow,cryCin,rheAme,tinGut,0.0,1.0,0.0,100.0
850,casCas,cryCin,rheAme,tinGut,0.0,1.0,0.0,100.0
851,anoDid,droNov,rheAme,tinGut,0.01,0.01,0.98,100.0
852,aptHaa,droNov,rheAme,tinGut,0.57,0.22,0.21,100.0
853,aptOwe,droNov,rheAme,tinGut,0.57,0.22,0.21,100.0
854,aptRow,droNov,rheAme,tinGut,0.57,0.22,0.21,100.0
855,casCas,droNov,rheAme,tinGut,1.0,0.0,0.0,100.0
856,cryCin,droNov,rheAme,tinGut,0.0,0.0,1.0,100.0
857,anoDid,eudEle,rheAme,tinGut,0.01,0.97,0.02,100.0
858,aptHaa,eudEle,rheAme,tinGut,0.0,1.0,0.0,100.0
859,aptOwe,eudEle,rheAme,tinGut,0.0,1.0,0.0,100.0
860,aptRow,eudEle,rheAme,tinGut,0.0,1.0,0.0,100.0
861,casCas,eudEle,rheAme,tinGut,0.0,1.0,0.0,100.0
862,cryCin,eudEle,rheAme,tinGut,0.03,0.01,0.96,100.0
863,droNov,eudEle,rheAme,tinGut,0.0,1.0,0.0,100.0
864,anoDid,galGal,rheAme,tinGut,0.0,0.02,0.98,100.0
865,aptHaa,galGal,rheAme,tinGut,0.35,0.38,0.27,100.0
866,aptOwe,galGal,rheAme,tinGut,0.35,0.38,0.27,100.0
867,aptRow,galGal,rheAme,tinGut,0.35,0.38,0.27,100.0
868,casCas,galGal,rheAme,tinGut,0.27,0.37,0.36,100.0
869,cryCin,galGal,rheAme,tinGut,0.0,0.0,1.0,100.0
870,droNov,galGal,rheAme,tinGut,0.27,0.37,0.36,100.0
871,eudEle,galGal,rheAme,tinGut,0.0,0.0,1.0,100.0
872,anoDid,notPer,rheAme,tinGut,0.02,0.96,0.02,100.0
873,aptHaa,notPer,rheAme,tinGut,0.0,1.0,0.0,100.0
874,aptOwe,notPer,rheAme,tinGut,0.0,1.0,0.0,100.0
875,aptRow,notPer,rheAme,tinGut,0.0,1.0,0.0,100.0
876,casCas,notPer,rheAme,tinGut,0.0,1.0,0.0,100.0
877,cryCin,notPer,rheAme,tinGut,0.04,0.01,0.95,100.0
878,droNov,notPer,rheAme,tinGut,0.0,1.0,0.0,100.0
879,eudEle,notPer,rheAme,tinGut,0.6,0.15,0.25,100.0
880,galGal,notPer,rheAme,tinGut,0.0,1.0,0.0,100.0
881,anoDid,aptHaa,rhePen,tinGut,0.01,0.01,0.98,100.0
882,anoDid,aptOwe,rhePen,tinGut,0.01,0.01,0.98,100.0
883,aptHaa,aptOwe,rhePen,tinGut,1.0,0.0,0.0,100.0
884,anoDid,aptRow,rhePen,tinGut,0.01,0.01,0.98,100.0
885,aptHaa,aptRow,rhePen,tinGut,1.0,0.0,0.0,100.0
886,aptOwe,aptRow,rhePen,tinGut,1.0,0.0,0.0,100.0
887,anoDid,casCas,rhePen,tinGut,0.01,0.01,0.98,100.0
888,aptHaa,casCas,rhePen,tinGut,0.57,0.22,0.21,100.0
889,aptOwe,casCas,rhePen,tinGut,0.57,0.22,0.21,100.0
890,aptRow,casCas,rhePen,tinGut,0.57,0.22,0.21,100.0
891,anoDid,cryCin,rhePen,tinGut,0.0,0.99,0.01,100.0
892,aptHaa,cryCin,rhePen,tinGut,0.0,1.0,0.0,100.0
893,aptOwe,cryCin,rhePen,tinGut,0.0,1.0,0.0,100.0
894,aptRow,cryCin,rhePen,tinGut,0.0,1.0,0.0,100.0
895,casCas,cryCin,rhePen,tinGut,0.0,1.0,0.0,100.0
896,anoDid,droNov,rhePen,tinGut,0.01,0.01,0.98,100.0
897,aptHaa,droNov,rhePen,tinGut,0.57,0.22,0.21,100.0
898,aptOwe,droNov,rhePen,tinGut,0.57,0.22,0.21,100.0
899,aptRow,droNov,rhePen,tinGut,0.57,0.22,0.21,100.0
900,casCas,droNov,rhePen,tinGut,1.0,0.0,0.0,100.0
901,cryCin,droNov,rhePen,tinGut,0.0,0.0,1.0,100.0
902,anoDid,eudEle,rhePen,tinGut,0.01,0.97,0.02,100.0
903,aptHaa,eudEle,rhePen,tinGut,0.0,1.0,0.0,100.0
904,aptOwe,eudEle,rhePen,tinGut,0.0,1.0,0.0,100.0
905,aptRow,eudEle,rhePen,tinGut,0.0,1.0,0.0,100.0
906,casCas,eudEle,rhePen,tinGut,0.0,1.0,0.0,100.0
907,cryCin,eudEle,rhePen,tinGut,0.03,0.01,0.96,100.0
908,droNov,eudEle,rhePen,tinGut,0.0,1.0,0.0,100.0
909,anoDid,galGal,rhePen,tinGut,0.0,0.02,0.98,100.0
910,aptHaa,galGal,rhePen,tinGut,0.35,0.38,0.27,100.0
911,aptOwe,galGal,rhePen,tinGut,0.35,0.38,0.27,100.0
912,aptRow,galGal,rhePen,tinGut,0.35,0.38,0.27,100.0
913,casCas,galGal,rhePen,tinGut,0.27,0.37,0.36,100.0
914,cryCin,galGal,rhePen,tinGut,0.0,0.0,1.0,100.0
915,droNov,galGal,rhePen,tinGut,0.27,0.37,0.36,100.0
916,eudEle,galGal,rhePen,tinGut,0.0,0.0,1.0,100.0
917,anoDid,notPer,rhePen,tinGut,0.02,0.96,0.02,100.0
918,aptHaa,notPer,rhePen,tinGut,0.0,1.0,0.0,100.0
919,aptOwe,notPer,rhePen,tinGut,0.0,1.0,0.0,100.0
920,aptRow,notPer,rhePen,tinGut,0.0,1.0,0.0,100.0
921,casCas,notPer,rhePen,tinGut,0.0,1.0,0.0,100.0
922,cryCin,notPer,rhePen,tinGut,0.04,0.01,0.95,100.0
923,droNov,notPer,rhePen,tinGut,0.0,1.0,0.0,100.0
924,eudEle,notPer,rhePen,tinGut,0.6,0.15,0.25,100.0
925,galGal,notPer,rhePen,tinGut,0.0,1.0,0.0,100.0
926,anoDid,rheAme,rhePen,tinGut,0.0,0.0,1.0,100.0
927,aptHaa,rheAme,rhePen,tinGut,0.0,0.0,1.0,100.0
928,aptOwe,rheAme,rhePen,tinGut,0.0,0.0,1.0,100.0
929,aptRow,rheAme,rhePen,tinGut,0.0,0.0,1.0,100.0
930,casCas,rheAme,rhePen,tinGut,0.0,0.0,1.0,100.0
931,cryCin,rheAme,rhePen,tinGut,0.0,0.0,1.0,100.0
932,droNov,rheAme,rhePen,tinGut,0.0,0.0,1.0,100.0
933,eudEle,rheAme,rhePen,tinGut,0.0,0.0,1.0,100.0
934,galGal,rheAme,rhePen,tinGut,0.0,0.0,1.0,100.0
935,notPer,rheAme,rhePen,tinGut,0.0,0.0,1.0,100.0
936,anoDid,aptHaa,strCam,tinGut,0.01,0.0,0.99,100.0
937,anoDid,aptOwe,strCam,tinGut,0.01,0.0,0.99,100.0
938,aptHaa,aptOwe,strCam,tinGut,1.0,0.0,0.0,100.0
939,anoDid,aptRow,strCam,tinGut,0.01,0.0,0.99,100.0
940,aptHaa,aptRow,strCam,tinGut,1.0,0.0,0.0,100.0
941,aptOwe,aptRow,strCam,tinGut,1.0,0.0,0.0,100.0
942,anoDid,casCas,strCam,tinGut,0.01,0.01,0.98,100.0
943,aptHaa,casCas,strCam,tinGut,0.57,0.29,0.14,100.0
944,aptOwe,casCas,strCam,tinGut,0.57,0.29,0.14,100.0
945,aptRow,casCas,strCam,tinGut,0.57,0.29,0.14,100.0
946,anoDid,cryCin,strCam,tinGut,0.0,0.99,0.01,100.0
947,aptHaa,cryCin,strCam,tinGut,0.0,1.0,0.0,100.0
948,aptOwe,cryCin,strCam,tinGut,0.0,1.0,0.0,100.0
949,aptRow,cryCin,strCam,tinGut,0.0,1.0,0.0,100.0
950,casCas,cryCin,strCam,tinGut,0.0,1.0,0.0,100.0
951,anoDid,droNov,strCam,tinGut,0.01,0.01,0.98,100.0
952,aptHaa,droNov,strCam,tinGut,0.57,0.29,0.14,100.0
953,aptOwe,droNov,strCam,tinGut,0.57,0.29,0.14,100.0
954,aptRow,droNov,strCam,tinGut,0.57,0.29,0.14,100.0
955,casCas,droNov,strCam,tinGut,1.0,0.0,0.0,100.0
956,cryCin,droNov,strCam,tinGut,0.0,0.0,1.0,100.0
957,anoDid,eudEle,strCam,tinGut,0.01,0.97,0.02,100.0
958,aptHaa,eudEle,strCam,tinGut,0.0,1.0,0.0,100.0
959,aptOwe,eudEle,strCam,tinGut,0.0,1.0,0.0,100.0
960,aptRow,eudEle,strCam,tinGut,0.0,1.0,0.0,100.0
961,casCas,eudEle,strCam,tinGut,0.0,1.0,0.0,100.0
962,cryCin,eudEle,strCam,tinGut,0.03,0.01,0.96,100.0
963,droNov,eudEle,strCam,tinGut,0.0,1.0,0.0,100.0
964,anoDid,galGal,strCam,tinGut,0.01,0.0,0.99,100.0
965,aptHaa,galGal,strCam,tinGut,0.2,0.23,0.57,100.0
966,aptOwe,galGal,strCam,tinGut,0.2,0.23,0.57,100.0
967,aptRow,galGal,strCam,tinGut,0.2,0.23,0.57,100.0
968,casCas,galGal,strCam,tinGut,0.12,0.2,0.68,100.0
969,cryCin,galGal,strCam,tinGut,0.0,0.0,1.0,100.0
970,droNov,galGal,strCam,tinGut,0.12,0.2,0.68,100.0
971,eudEle,galGal,strCam,tinGut,0.0,0.0,1.0,100.0
972,anoDid,notPer,strCam,tinGut,0.02,0.96,0.02,100.0
973,aptHaa,notPer,strCam,tinGut,0.0,1.0,0.0,100.0
974,aptOwe,notPer,strCam,tinGut,0.0,1.0,0.0,100.0
975,aptRow,notPer,strCam,tinGut,0.0,1.0,0.0,100.0
976,casCas,notPer,strCam,tinGut,0.0,1.0,0.0,100.0
977,cryCin,notPer,strCam,tinGut,0.04,0.01,0.95,100.0
978,droNov,notPer,strCam,tinGut,0.0,1.0,0.0,100.0
979,eudEle,notPer,strCam,tinGut,0.6,0.15,0.25,100.0
980,galGal,notPer,strCam,tinGut,0.0,1.0,0.0,100.0
981,anoDid,rheAme,strCam,tinGut,0.02,0.0,0.98,100.0
982,aptHaa,rheAme,strCam,tinGut,0.38,0.32,0.3,100.0
983,aptOwe,rheAme,strCam,tinGut,0.38,0.32,0.3,100.0
984,aptRow,rheAme,strCam,tinGut,0.38,0.32,0.3,100.0
985,casCas,rheAme,strCam,tinGut,0.37,0.25,0.38,100.0
986,cryCin,rheAme,strCam,tinGut,0.0,0.0,1.0,100.0
987,droNov,rheAme,strCam,tinGut,0.37,0.25,0.38,100.0
988,eudEle,rheAme,strCam,tinGut,0.0,0.0,1.0,100.0
989,galGal,rheAme,strCam,tinGut,0.21,0.59,0.2,100.0
990,notPer,rheAme,strCam,tinGut,0.0,0.0,1.0,100.0
991,anoDid,rhePen,strCam,tinGut,0.02,0.0,0.98,100.0
992,aptHaa,rhePen,strCam,tinGut,0.38,0.32,0.3,100.0
993,aptOwe,rhePen,strCam,tinGut,0.38,0.32,0.3,100.0
994,aptRow,rhePen,strCam,tinGut,0.38,0.32,0.3,100.0
995,casCas,rhePen,strCam,tinGut,0.37,0.25,0.38,100.0
996,cryCin,rhePen,strCam,tinGut,0.0,0.0,1.0,100.0
997,droNov,rhePen,strCam,tinGut,0.37,0.25,0.38,100.0
998,eudEle,rhePen,strCam,tinGut,0.0,0.0,1.0,100.0
999,galGal,rhePen,strCam,tinGut,0.21,0.59,0.2,100.0
1000,notPer,rhePen,strCam,tinGut,0.0,0.0,1.0,100.0
1001,rheAme,rhePen,strCam,tinGut,1.0,0.0,0.0,100.0
